order_id,channel_code,order_mode_code
10452,CH06,OM03
10453,CH04,OM03
10454,CH01,OM01
10455,CH01,OM02
10456,CH09,OM01
10457,CH01,OM02
10459,CH01,OM01
10460,CH01,OM01
10461,CH01,OM01
10462,CH01,OM01
10463,CH09,OM01
10464,CH01,OM01
10465,CH09,OM02
10466,CH03,OM02
10467,CH01,OM02
10468,CH01,OM01
10470,CH09,OM02
10471,CH01,OM01
10472,CH01,OM02
10473,CH01,OM01
10474,CH01,OM01
10475,CH01,OM01
10476,CH01,OM01
10477,CH01,OM02
10478,CH01,OM01
10479,CH01,OM02
10480,CH01,OM01
10481,CH01,OM01
10482,CH01,OM01
10483,CH03,OM02
10484,CH01,OM01
10485,CH01,OM01
10486,CH01,OM01
10487,CH01,OM01
10488,CH09,OM01
10489,CH01,OM01
10490,CH09,OM01
10491,CH01,OM01
10492,CH01,OM01
10493,CH01,OM01
10494,CH09,OM02
10495,CH09,OM02
10496,CH01,OM02
10497,CH01,OM02
10498,CH02,OM04
10499,CH02,OM04
10500,CH02,OM04
10501,CH02,OM04
10502,CH02,OM04
10503,CH02,OM04
10504,CH02,OM04
10505,CH02,OM04
10506,CH02,OM04
10507,CH02,OM04
10508,CH02,OM04
10509,CH02,OM04
10510,CH02,OM04
10511,CH02,OM04
10512,CH02,OM04
10513,CH02,OM04
10514,CH02,OM04
10515,CH02,OM04
10516,CH02,OM04
10520,CH02,OM04
10521,CH02,OM04
10522,CH02,OM04
10523,CH02,OM04
10524,CH02,OM04
10525,CH02,OM04
10526,CH02,OM04
10527,CH02,OM04
10528,CH02,OM04
10529,CH02,OM04
10530,CH02,OM04
10531,CH02,OM04
10532,CH02,OM04
10533,CH02,OM04
10534,CH02,OM04
10535,CH02,OM04
10536,CH02,OM04
10537,CH02,OM04
10538,CH02,OM04
10539,CH02,OM04
10540,CH02,OM04
10541,CH02,OM04
10542,CH02,OM04
10543,CH02,OM04
10544,CH02,OM04
10545,CH02,OM04
10546,CH02,OM04
10547,CH02,OM04
10548,CH02,OM04
10549,CH02,OM04
10550,CH02,OM04
10551,CH02,OM04
10552,CH04,OM03
10553,CH06,OM03
10554,CH04,OM03
10555,CH08,OM03
10556,CH05,OM03
10557,CH06,OM03
10558,CH06,OM03
10559,CH07,OM03
10560,CH05,OM03
10561,CH04,OM03
10562,CH05,OM03
10563,CH05,OM03
10564,CH06,OM03
10565,CH05,OM03
10566,CH04,OM03
10567,CH05,OM03
10568,CH06,OM03
10569,CH04,OM03
10570,CH06,OM03
10571,CH07,OM03
10572,CH05,OM02
10573,CH05,OM05
10574,CH06,OM03
10575,CH05,OM03
10576,CH04,OM05
10577,CH07,OM03
10578,CH05,OM03
10579,CH04,OM03
10580,CH04,OM03
10581,CH05,OM03
10582,CH06,OM03
10583,CH06,OM03
10584,CH05,OM03
10585,CH07,OM03
10586,CH07,OM03
10590,CH07,OM03
10591,CH04,OM05
10592,CH05,OM03
10593,CH04,OM03
10594,CH04,OM03
10595,CH07,OM03
10596,CH07,OM03
10597,CH05,OM03
10598,CH04,OM03
10599,CH08,OM03
10600,CH08,OM03
10601,CH08,OM03
10602,CH05,OM03
10603,CH08,OM03
10604,CH04,OM03
10605,CH05,OM03
10606,CH07,OM03
10607,CH04,OM03
10608,CH06,OM03
10609,CH05,OM03
10610,CH05,OM03
10611,CH08,OM03
10612,CH05,OM03
10613,CH05,OM03
10614,CH04,OM03
10615,CH05,OM03
10616,CH07,OM03
10617,CH08,OM03
10618,CH04,OM03
10619,CH05,OM02
10620,CH04,OM03
10621,CH04,OM03
10622,CH06,OM03
10623,CH06,OM03
10624,CH07,OM03
10625,CH05,OM03
10626,CH04,OM02
10627,CH05,OM03
10628,CH06,OM03
10629,CH06,OM03
10630,CH06,OM03
10631,CH05,OM03
10632,CH05,OM03
10633,CH05,OM03
10634,CH04,OM03
10635,CH08,OM03
10636,CH07,OM03
10637,CH05,OM03
10638,CH08,OM03
10639,CH04,OM03
10640,CH06,OM03
10641,CH08,OM03
10642,CH07,OM03
10643,CH06,OM03
10644,CH07,OM03
10645,CH08,OM03
10646,CH06,OM03
10647,CH08,OM03
10648,CH07,OM03
10649,CH05,OM05
10650,CH07,OM03
10651,CH07,OM03
10652,CH06,OM03
10653,CH05,OM03
10654,CH06,OM03
10655,CH06,OM03
10656,CH08,OM03
10657,CH07,OM03
10658,CH06,OM03
10659,CH08,OM03
10660,CH01,OM02
10661,CH01,OM02
10662,CH03,OM02
10663,CH03,OM02
10664,CH01,OM02
10665,CH01,OM01
10666,CH01,OM01
10667,CH01,OM01
10668,CH09,OM01
10669,CH01,OM02
10670,CH01,OM01
10671,CH09,OM02
10672,CH09,OM01
10673,CH01,OM01
10674,CH01,OM01
10675,CH01,OM01
10676,CH01,OM01
10677,CH09,OM01
10678,CH01,OM01
10679,CH01,OM01
10680,CH01,OM02
10681,CH01,OM01
10682,CH03,OM02
10683,CH03,OM02
10684,CH01,OM01
10685,CH01,OM01
10686,CH01,OM01
10687,CH09,OM01
10688,CH01,OM01
10689,CH01,OM01
10690,CH01,OM02
10691,CH09,OM01
10692,CH01,OM01
10693,CH01,OM01
10694,CH01,OM02
10695,CH09,OM02
10696,CH03,OM02
10697,CH01,OM01
10698,CH09,OM02
10699,CH09,OM01
10700,CH09,OM01
10701,CH09,OM01
10702,CH01,OM01
10703,CH09,OM02
10704,CH02,OM04
10705,CH02,OM04
10706,CH02,OM04
10707,CH02,OM04
10708,CH02,OM04
10709,CH02,OM04
10710,CH02,OM04
10711,CH02,OM04
10712,CH02,OM04
10713,CH02,OM04
