order_id,line_no,item_code,parent_line_no,quantity,discount_pct
10452,1,DP04,,1,0.0
10453,1,DP04,,1,0.0
10454,1,SD03,,1,0.0
10454,2,SD02,,1,0.0
10455,1,BG01,,1,0.0
10455,2,SD01,,1,0.0
10455,3,FR02,,1,0.0
10456,1,CS01,,1,0.0
10456,2,AD04,1.0,1,0.0
10456,3,AD01,1.0,1,0.0
10456,4,SD01,,2,0.0
10457,1,FR02,,2,0.05
10457,2,SD02,,1,0.05
10457,3,SD03,,2,0.05
10459,1,DP04,,1,0.1
10460,1,BG01,,1,0.1
10461,1,CS02,,2,0.0
10462,1,DP04,,1,0.0
10463,1,DP04,,1,0.0
10464,1,SD03,,1,0.0
10464,2,BV01,,2,0.0
10465,1,BG01,,2,0.0
10466,1,CS01,,1,0.0
10466,2,AD03,1.0,1,0.0
10466,3,AD03,1.0,1,0.0
10467,1,FR02,,2,0.0
10467,2,FR02,,2,0.0
10468,1,BV01,,1,0.0
10468,2,FR01,,2,0.0
10468,3,SD01,,1,0.0
10470,1,DP01,,1,0.1
10471,1,CS01,,1,0.0
10471,2,BV01,,1,0.0
10472,1,FR01,,1,0.05
10472,2,SD01,,1,0.05
10473,1,BV01,,1,0.0
10474,1,DP04,,1,0.0
10475,1,BG02,,1,0.0
10475,2,SD03,,1,0.0
10475,3,SD03,,1,0.0
10476,1,CS02,,2,0.0
10476,2,FR02,,1,0.0
10477,1,DP04,,1,0.0
10478,1,DP04,,1,0.1
10479,1,DP04,,1,0.0
10480,1,BG01,,2,0.1
10480,2,BV02,,1,0.1
10481,1,DP04,,1,0.05
10482,1,DP04,,1,0.0
10483,1,DP04,,1,0.0
10484,1,DP04,,1,0.1
10485,1,DP01,,1,0.1
10486,1,CS01,,1,0.0
10486,2,AD06,1.0,1,0.0
10487,1,FR02,,1,0.0
10488,1,BV02,,1,0.0
10489,1,SD02,,2,0.05
10489,2,BV01,,1,0.05
10490,1,BG03,,1,0.0
10490,2,AD01,1.0,1,0.0
10490,3,BV01,,1,0.0
10490,4,FR02,,1,0.0
10491,1,CS01,,1,0.0
10491,2,AD03,1.0,1,0.0
10491,3,BV03,,1,0.0
10492,1,FR01,,1,0.0
10492,2,BV01,,2,0.0
10492,3,SD03,,2,0.0
10493,1,BV03,,1,0.0
10493,2,BV01,,1,0.0
10493,3,BV01,,1,0.0
10494,1,SD01,,1,0.0
10495,1,BG02,,2,0.0
10495,2,AD02,1.0,1,0.0
10495,3,AD02,1.0,1,0.0
10495,4,BV01,,1,0.0
10495,5,FR01,,1,0.0
10496,1,DP04,,1,0.05
10497,1,DP04,,1,0.05
10498,1,BV02,,2,0.0
10498,2,BV02,,1,0.0
10498,3,BV02,,1,0.0
10499,1,SD01,,1,0.1
10499,2,SD02,,2,0.1
10500,1,BG03,,1,0.0
10500,2,AD03,1.0,1,0.0
10500,3,AD02,1.0,1,0.0
10500,4,BV03,,1,0.0
10501,1,CS02,,2,0.0
10501,2,FR02,,1,0.0
10501,3,BV02,,1,0.0
10502,1,DP04,,1,0.1
10503,1,BV03,,3,0.0
10503,2,BV02,,1,0.0
10504,1,SD03,,1,0.1
10504,2,FR02,,2,0.1
10505,1,BG03,,1,0.0
10506,1,CS02,,1,0.0
10506,2,AD02,1.0,1,0.0
10506,3,BV03,,1,0.0
10507,1,FR01,,1,0.0
10507,2,SD01,,1,0.0
10508,1,DP04,,1,0.0
10509,1,DP04,,1,0.0
10510,1,BG03,,1,0.05
10510,2,BV02,,2,0.05
10510,3,BV03,,1,0.05
10511,1,DP02,,1,0.0
10512,1,FR01,,2,0.0
10512,2,SD02,,1,0.0
10513,1,BV01,,1,0.0
10513,2,FR02,,1,0.0
10514,1,SD03,,1,0.05
10515,1,DP03,,1,0.1
10516,1,CS02,,2,0.0
10516,2,AD06,1.0,1,0.0
10516,3,SD03,,1,0.0
10520,1,BG02,,2,0.0
10520,2,AD03,1.0,1,0.0
10520,3,SD03,,2,0.0
10521,1,DP02,,1,0.0
10521,2,AD04,1.0,1,0.0
10522,1,DP04,,1,0.0
10523,1,DP04,,1,0.0
10524,1,SD02,,1,0.0
10524,2,BV02,,1,0.0
10525,1,BG03,,1,0.05
10525,2,AD06,1.0,1,0.05
10525,3,AD04,1.0,1,0.05
10525,4,SD01,,1,0.05
10526,1,CS02,,2,0.0
10526,2,AD02,1.0,1,0.0
10526,3,BV03,,1,0.0
10527,1,FR02,,1,0.1
10527,2,BV01,,1,0.1
10528,1,BV03,,2,0.0
10528,2,FR01,,1,0.0
10529,1,SD01,,1,0.0
10530,1,BG02,,2,0.05
10530,2,SD02,,1,0.05
10531,1,DP02,,1,0.0
10532,1,FR01,,1,0.05
10532,2,BV02,,1,0.05
10533,1,DP04,,1,0.0
10534,1,DP04,,1,0.1
10535,1,BG02,,2,0.1
10535,2,FR02,,1,0.1
10536,1,CS01,,3,0.0
10536,2,AD04,1.0,1,0.0
10536,3,BV02,,1,0.0
10537,1,DP04,,1,0.05
10538,1,BV03,,1,0.0
10538,2,FR01,,1,0.0
10538,3,SD02,,2,0.0
10539,1,SD03,,1,0.0
10539,2,SD03,,1,0.0
10540,1,BG02,,2,0.0
10540,2,AD04,1.0,1,0.0
10541,1,CS02,,2,0.05
10541,2,AD04,1.0,1,0.05
10541,3,BV03,,1,0.05
10542,1,DP04,,1,0.0
10543,1,BV02,,1,0.0
10544,1,DP04,,1,0.0
10545,1,BG02,,2,0.0
10545,2,AD03,1.0,1,0.0
10545,3,BV02,,1,0.0
10546,1,CS02,,2,0.0
10546,2,AD04,1.0,1,0.0
10546,3,FR01,,1,0.0
10547,1,FR02,,1,0.0
10547,2,SD03,,2,0.0
10548,1,BV02,,1,0.0
10548,2,SD03,,1,0.0
10549,1,DP04,,1,0.0
10550,1,BG01,,3,0.0
10550,2,AD02,1.0,1,0.0
10551,1,CS02,,2,0.0
10551,2,BV03,,1,0.0
10552,1,FR01,,1,0.05
10553,1,BV02,,1,0.0
10553,2,BV03,,1,0.0
10553,3,FR02,,1,0.0
10554,1,DP04,,1,0.05
10555,1,DP03,,1,0.05
10556,1,CS02,,1,0.0
10556,2,AD04,1.0,1,0.0
10557,1,FR01,,1,0.0
10558,1,BV02,,1,0.0
10559,1,DP04,,1,0.0
10560,1,BG03,,3,0.05
10560,2,BV01,,1,0.05
10561,1,CS02,,2,0.0
10561,2,AD04,1.0,1,0.0
10561,3,AD01,1.0,1,0.0
10561,4,BV03,,2,0.0
10562,1,DP04,,1,0.0
10563,1,DP04,,1,0.0
10564,1,SD03,,1,0.0
10564,2,BV01,,1,0.0
10565,1,BG03,,2,0.0
10565,2,AD04,1.0,1,0.0
10565,3,AD03,1.0,1,0.0
10565,4,SD01,,2,0.0
10566,1,CS02,,3,0.0
10566,2,AD06,1.0,1,0.0
10567,1,FR02,,2,0.05
10568,1,BV03,,2,0.0
10568,2,FR01,,1,0.0
10569,1,SD03,,1,0.0
10569,2,BV02,,2,0.0
10570,1,DP01,,1,0.0
10571,1,CS02,,1,0.0
10571,2,AD04,1.0,1,0.0
10572,1,DP04,,1,0.05
10573,1,BV01,,1,0.0
10573,2,SD03,,1,0.0
10574,1,SD03,,3,0.05
10574,2,BV02,,2,0.05
10574,3,SD02,,1,0.05
10575,1,BG02,,2,0.1
10575,2,BV01,,1,0.1
10576,1,CS01,,1,0.0
10576,2,AD04,1.0,1,0.0
10577,1,FR02,,1,0.0
10577,2,SD02,,2,0.0
10578,1,BV03,,1,0.0
10578,2,SD03,,2,0.0
10579,1,SD02,,2,0.0
10579,2,FR02,,2,0.0
10580,1,BG02,,1,0.0
10580,2,AD03,1.0,1,0.0
10580,3,SD02,,1,0.0
10581,1,DP02,,1,0.0
10582,1,DP04,,1,0.0
10583,1,BV02,,1,0.0
10584,1,SD03,,1,0.1
10584,2,BV03,,1,0.1
10585,1,BG02,,1,0.05
10585,2,AD03,1.0,1,0.05
10585,3,AD01,1.0,1,0.05
10585,4,SD02,,1,0.05
10585,5,FR01,,2,0.05
10586,1,CS02,,1,0.05
10586,2,AD02,1.0,1,0.05
10586,3,BV03,,2,0.05
10590,1,BG01,,2,0.0
10590,2,AD03,1.0,1,0.0
10590,3,FR01,,2,0.0
10591,1,DP02,,1,0.05
10592,1,FR02,,1,0.0
10592,2,SD03,,1,0.0
10592,3,SD01,,1,0.0
10593,1,BV01,,2,0.0
10593,2,SD01,,1,0.0
10593,3,SD02,,1,0.0
10594,1,SD03,,1,0.0
10594,2,SD01,,1,0.0
10594,3,BV02,,1,0.0
10595,1,DP01,,1,0.0
10596,1,DP02,,1,0.0
10596,2,AD04,1.0,1,0.0
10597,1,FR02,,1,0.0
10597,2,SD02,,2,0.0
10598,1,BV01,,1,0.0
10598,2,BV03,,1,0.0
10598,3,SD01,,1,0.0
10599,1,SD03,,2,0.0
10599,2,FR01,,1,0.0
10600,1,BG01,,1,0.0
10600,2,AD01,1.0,1,0.0
10601,1,DP02,,1,0.05
10602,1,DP04,,1,0.1
10603,1,DP04,,1,0.05
10604,1,SD01,,1,0.0
10605,1,BG01,,2,0.0
10605,2,AD01,1.0,1,0.0
10605,3,BV02,,2,0.0
10606,1,CS02,,1,0.1
10606,2,AD04,1.0,1,0.1
10606,3,AD04,1.0,1,0.1
10606,4,SD03,,2,0.1
10607,1,DP04,,1,0.0
10608,1,BV02,,1,0.0
10609,1,SD01,,1,0.0
10609,2,BV02,,1,0.0
10610,1,BG02,,2,0.0
10611,1,DP02,,1,0.0
10611,2,AD01,1.0,1,0.0
10612,1,FR01,,1,0.0
10613,1,BV02,,2,0.0
10613,2,BV03,,1,0.0
10613,3,FR02,,2,0.0
10614,1,SD01,,1,0.0
10615,1,BG03,,2,0.1
10615,2,AD06,1.0,1,0.1
10616,1,DP04,,1,0.05
10617,1,FR01,,1,0.0
10617,2,BV01,,2,0.0
10618,1,BV01,,1,0.0
10619,1,DP04,,1,0.05
10620,1,BG02,,1,0.05
10621,1,CS02,,1,0.0
10621,2,AD03,1.0,1,0.0
10622,1,FR02,,2,0.0
10622,2,BV03,,1,0.0
10623,1,BV01,,2,0.0
10623,2,SD01,,1,0.0
10624,1,SD02,,2,0.0
10624,2,SD02,,2,0.0
10625,1,DP03,,1,0.1
10626,1,CS02,,1,0.0
10627,1,FR01,,1,0.1
10627,2,SD01,,2,0.1
10628,1,DP04,,1,0.0
10629,1,DP04,,1,0.1
10630,1,BG03,,1,0.1
10630,2,AD06,1.0,1,0.1
10630,3,AD06,1.0,1,0.1
10631,1,CS02,,1,0.0
10632,1,FR01,,1,0.0
10632,2,FR02,,2,0.0
10633,1,BV03,,1,0.0
10633,2,BV02,,1,0.0
10633,3,SD03,,2,0.0
10634,1,SD02,,1,0.0
10634,2,FR01,,1,0.0
10635,1,DP03,,1,0.0
10636,1,CS01,,1,0.0
10637,1,FR01,,1,0.0
10638,1,DP04,,1,0.0
10639,1,SD03,,2,0.0
10639,2,FR02,,2,0.0
10640,1,DP01,,1,0.0
10640,2,AD04,1.0,1,0.0
10641,1,CS02,,1,0.0
10641,2,AD06,1.0,1,0.0
10642,1,DP04,,1,0.0
10643,1,BV01,,1,0.0
10643,2,BV02,,1,0.0
10644,1,SD01,,1,0.1
10644,2,SD03,,1,0.1
10644,3,SD01,,2,0.1
10645,1,BG02,,1,0.0
10646,1,CS02,,1,0.0
10646,2,FR02,,1,0.0
10646,3,FR02,,1,0.0
10647,1,DP04,,1,0.1
10648,1,DP04,,1,0.0
10649,1,DP04,,1,0.1
10650,1,DP03,,1,0.0
10651,1,CS02,,1,0.05
10652,1,DP04,,1,0.0
10653,1,BV02,,1,0.05
10654,1,SD03,,1,0.0
10655,1,DP01,,1,0.0
10656,1,CS01,,1,0.0
10656,2,AD03,1.0,1,0.0
10657,1,FR01,,2,0.0
10658,1,BV03,,1,0.0
10658,2,BV01,,1,0.0
10659,1,DP04,,1,0.0
10660,1,BG03,,2,0.0
10661,1,CS01,,1,0.0
10661,2,SD02,,2,0.0
10662,1,FR01,,1,0.0
10662,2,BV03,,1,0.0
10662,3,SD02,,1,0.0
10663,1,BV02,,1,0.0
10663,2,BV03,,1,0.0
10664,1,SD02,,2,0.0
10664,2,SD02,,1,0.0
10664,3,FR01,,1,0.0
10665,1,BG03,,3,0.0
10665,2,SD03,,1,0.0
10666,1,CS02,,1,0.0
10666,2,AD04,1.0,1,0.0
10666,3,SD01,,1,0.0
10666,4,FR02,,2,0.0
10667,1,DP04,,1,0.0
10668,1,BV02,,1,0.1
10668,2,SD03,,1,0.1
10669,1,DP04,,1,0.0
10670,1,BG03,,1,0.0
10670,2,AD03,1.0,1,0.0
10670,3,FR02,,2,0.0
10671,1,CS01,,1,0.0
10672,1,FR02,,3,0.05
10673,1,BV03,,1,0.1
10673,2,FR02,,1,0.1
10674,1,SD03,,1,0.1
10674,2,BV01,,1,0.1
10674,3,SD02,,2,0.1
10675,1,BG01,,1,0.0
10675,2,AD02,1.0,1,0.0
10675,3,AD03,1.0,1,0.0
10675,4,BV03,,1,0.0
10675,5,BV03,,1,0.0
10676,1,CS02,,1,0.0
10676,2,AD06,1.0,1,0.0
10676,3,BV01,,1,0.0
10676,4,SD01,,2,0.0
10677,1,FR02,,2,0.05
10677,2,FR01,,1,0.05
10678,1,BV02,,2,0.0
10678,2,BV03,,1,0.0
10679,1,SD02,,1,0.05
10680,1,BG02,,1,0.0
10680,2,SD01,,1,0.0
10681,1,DP02,,1,0.0
10682,1,FR02,,2,0.0
10683,1,BV02,,1,0.0
10683,2,SD03,,1,0.0
10684,1,SD02,,2,0.0
10684,2,BV03,,2,0.0
10685,1,BG02,,2,0.0
10685,2,BV02,,1,0.0
10686,1,CS02,,1,0.1
10686,2,AD02,1.0,1,0.1
10686,3,SD02,,1,0.1
10686,4,SD01,,2,0.1
10687,1,FR02,,1,0.0
10688,1,BV03,,1,0.0
10688,2,SD01,,1,0.0
10688,3,SD02,,2,0.0
10689,1,SD03,,2,0.05
10690,1,BG02,,2,0.05
10690,2,AD01,1.0,1,0.05
10690,3,BV03,,2,0.05
10691,1,CS01,,1,0.05
10691,2,AD06,1.0,1,0.05
10691,3,SD02,,1,0.05
10692,1,DP04,,1,0.0
10693,1,BV01,,2,0.0
10693,2,FR01,,2,0.0
10693,3,BV01,,2,0.0
10694,1,SD03,,3,0.0
10694,2,SD01,,2,0.0
10695,1,BG03,,1,0.1
10695,2,BV03,,2,0.1
10695,3,BV03,,1,0.1
10696,1,CS01,,1,0.0
10696,2,BV03,,1,0.0
10697,1,FR02,,3,0.0
10697,2,BV03,,1,0.0
10697,3,BV03,,2,0.0
10698,1,BV03,,1,0.0
10698,2,BV03,,1,0.0
10699,1,SD01,,1,0.0
10699,2,FR01,,1,0.0
10700,1,DP01,,1,0.1
10701,1,CS01,,1,0.05
10702,1,FR01,,1,0.0
10702,2,BV01,,1,0.0
10702,3,SD02,,1,0.0
10703,1,BV02,,1,0.0
10703,2,FR02,,1,0.0
10704,1,SD03,,1,0.0
10704,2,SD03,,1,0.0
10704,3,BV02,,1,0.0
10705,1,BG03,,1,0.0
10705,2,BV03,,2,0.0
10706,1,DP02,,1,0.0
10707,1,FR01,,1,0.0
10707,2,SD03,,1,0.0
10707,3,BV02,,1,0.0
10708,1,BV01,,1,0.0
10709,1,DP04,,1,0.0
10710,1,DP01,,1,0.0
10711,1,CS02,,1,0.1
10711,2,AD03,1.0,1,0.1
10711,3,AD06,1.0,1,0.1
10712,1,DP04,,1,0.0
10713,1,BV03,,2,0.0
10713,2,BV02,,1,0.0
10713,3,FR02,,2,0.0
